Rank,Name,Manufacturer,Country,Year,Segment,Total_Cores,Processor_Speed,CoProcessor_Cores,Rmax,Rpeak,Power,Power_Efficiency,Architecture,Processor_Technology,Operating_System,OS_Family,CoProcessor,CoresPerSocket,System_Family,Continent,System_Model,Previous_Rank
126,Joule 2.0,HPE,United States,2018,Research,86400,2400,11200,3608.62,5750.784,,,Cluster,Intel Skylake,Linux,Linux,NVIDIA Tesla P100,20,HP Cluster,North America,"HP ProLiant XL170r/XL190r/DL360 Gen10, Xeon Gold 6148 20C 2.4GHz, Intel Omni-Path, NVIDIA Tesla P100",112
127,Niagara,Lenovo,Canada,2017,Research,80640,2400,,3599.65999,6253.056,919.42,3.915142144,Cluster,Intel Skylake,CentOS,Linux,None,20,Lenovo ThinkSystem,North America,"ThinkSystem SD530, Xeon Gold 6248 20C 2.5GHz, InfiniBand HDR100",113
128,,HPE,United States,2014,Government,72800,2200,62400,3577,6131.84,1498.9,2.386416706,Cluster,Intel IvyBridge,Linux,Linux,NVIDIA Tesla K40,10,Cray CS-Storm,North America,"Cray CS-Storm, Intel Xeon E5-2660v2 10C 2.2GHz, Infiniband FDR, Nvidia K40",114
129,,HPE,United States,2015,Government,72800,2200,62400,3577,6131.84,1498.9,2.386416706,Cluster,Intel IvyBridge,Linux,Linux,NVIDIA Tesla K40,10,Cray CS-Storm,North America,"Cray CS-Storm, Intel Xeon E5-2660v2 10C 2.2GHz, Infiniband FDR, Nvidia K40",115
130,B1A,Lenovo,United States,2021,Industry,80640,2700,,3545.65,6967.3,,,Cluster,Intel Cascade lake,Linux,Linux,None,28,Lenovo ThinkSystem,North America,"ThinkSystem C2397, Xeon Platinum 8280 28C 2.7GHz, 100G Ethernet",
131,Altair,Huawei,Poland,2020,Academic,63360,2900,,3533.61,5879.81,829,4.262496984,Cluster,Intel Cascade lake,CentOS,Linux,None,24,Huawei Cluster,Europe,"CH121L V5 Liquid-Cooled, Xeon Platinum 8268 24C 2.9GHz, Infiniband EDR",116
132,,Lenovo,China,2021,Academic,59392,2600,,3488.84,4941.41,,,Cluster,Intel Ice Lake,Linux,Linux,None,32,Lenovo ThinkSystem,Asia,"ThinkSystem SD650 V2, Xeon Platinum 8358 32C 2.6GHz, Mellanox HDR Infiniband",
133,Unizah-II,HPE,Saudi Arabia,2020,Industry,85560,2500,,3487.91,6844.8,,,Cluster,Intel Cascade lake,RHEL 7.7,Linux,None,20,Cray CS,Asia,"Cray CS500, Xeon Gold 6248 20C 2.5GHz, 10G Ethernet",117
134,Ohtaka,DELL EMC,Japan,2020,Research,215040,2000,,3486.1,6881.28,,,Cluster,AMD Zen-2 (Rome),Red Hat Enterprise Linux,Linux,None,64,Dell PowerEdge Cluster,Asia,"PowerEdge C6525, AMD EPYC 7702 64C 2GHz, Mellanox HDR Infiniband",118
135,CARO,NEC,Germany,2021,Research,174592,2000,,3458.3,5586.94,,,Cluster,AMD Zen-2 (Rome),Rocky Linux 8.4,Linux,None,64,NEC Cluster,Europe,"NEC HPC2808Ri-2, AMD EPYC 7702 64C 2GHz, InfiniBand HDR100",
136,davinci-1,Atos,Italy,2020,Others,38400,2800,34560,3449,6412.03,,,Cluster,AMD Zen-2 (Rome),Linux,Linux,NVIDIA A100,24,BullSequana,Europe,"BullSequana X, AMD EPYC 7402 24C 2.8GHz, NVIDIA A100, Mellanox HDR Infiniband",119
137,Cedar (GPU),ACTION,Canada,2020,Academic,67584,2100,61440,3371,5834.4,310,10.87419355,Cluster,Intel Skylake,CentOS,Linux,NVIDIA Tesla V100,16,Dell PowerEdge Cluster,North America,"PowerEdge C6420, Xeon Silver 4216 16C 2.1GHz, NVIDIA Tesla V100, Intel Omni-Path",120
138,Topaz,HPE,United States,2015,Research,124200,2300,,3318.95,4570.56,5175,0.641342995,Cluster,Intel Haswell,SUSE Linux Enterprise Server 11,Linux,None,18,SGI ICE,North America,"SGI ICE X, Xeon E5-2699v3 18C 2.3GHz, Infiniband FDR",121
139,,Self-made,United States,2017,Industry,60512,2200,55552,3307,4896.512,349.5,9.462088698,Cluster,Intel Broadwell,Ubuntu,Linux,NVIDIA Tesla P100,20,Hybrid Cluster,North America,"NVIDIA DGX-1/Relion 2904GT, Xeon E5-2698v4 20C 2.2GHz/ E5-2650v4, Infiniband EDR, NVIDIA Tesla P100/Quadro GP100",122
140,Topaze-cpu,Atos,France,2021,Research,110592,2450,,3261.02,4335.21,,,Cluster,AMD Zen-3 (Milan),Linux,Linux,None,64,BullSequana,Europe,"BullSequana XH2000, AMD EPYC 7763 64C 2.45GHz, InfiniBand HDR100",
141,,NEC,Germany,2020,Research,14336,1584,,3250.4,4282.08,565.08,5.752105897,Cluster,NEC Vector Engine,VEOS,Linux,None,8,SX-Aurora TSUBASA,Europe,"SX-Aurora TSUBASA A412-8, Vector Engine Type10AE 8C 1.58GHz, Mellanox InfiniBand HDR100",124
142,Damson,Atos,United Kingdom,2017,Research,113832,2300,,3243.41,3791.5776,1134,2.860149912,Cluster,Intel Broadwell,bullx SCS,Linux,None,18,BullSequana,Europe,"Bull Sequana X1000, Xeon E5-2697v4 18C 2.3GHz, Infiniband EDR",125
143,LLNL/NNSA CTS-1 MAGMA,Penguin Computing,United States,2019,Research,62400,2300,,3241.24,4592.64,887,3.65416009,Cluster,Intel Cascade lake,Linux/TOSS,Linux,None,48,Penguin Computing Cluster,North America,"Relion Cluster, Intel Xeon Platinum 9242 48C 2.3GHz, Intel Omni-Path",126
144,Mustang,HPE,United States,2018,Government,55296,2700,,3221.4,4777.574,,,Cluster,Intel Skylake,Red Hat Enterprise Linux,Linux,None,24,HPE SGI 8600,North America,"HPE SGI 8600, Xeon Platinum 8168 24C 2.7GHz, Intel Omni-Path",127
145,HPC2,IBM,Italy,2014,Industry,72000,2800,42000,3188,4605,1227,2.598207009,Cluster,Intel IvyBridge,Linux,Linux,NVIDIA Tesla K20x,10,IBM iDataPlex,Europe,"iDataPlex DX360M4, Intel Xeon E5-2680v2  10C 2.8GHz, Infiniband FDR, NVIDIA K20x",128
146,FÃªnix,Atos,Brazil,2019,Industry,60480,3600,57600,3161,5371.776,389.76,8.110119048,Cluster,Intel Skylake,CentOS,Linux,NVIDIA Tesla V100,4,Bull Cluster,South America,"Bull 4029GP-TVRT, Xeon Gold 5122 4C 3.6GHz, NVIDIA Tesla V100, Infiniband EDR",129
147,Toubkal,DELL EMC,Morocco,2020,Academic,71232,2200,,3158.11,5014.73,,,Cluster,Intel Cascade lake,CentOS Scientific-OpenStack,Linux,None,28,Dell PowerEdge Cluster,Africa,"PowerEdge C6420, CRC-StackHPC, Xeon Platnium 8276L 28C 2.2GHz, Mellanox InfiniBand HDR100",130
148,,Lenovo,United States,2021,Industry,71680,2700,,3151.69,6193.15,,,Cluster,Intel Cascade lake,Linux,Linux,None,28,Lenovo ThinkSystem,North America,"ThinkSystem C2397, Xeon Platinum 8280 28C 2.7GHz, 100G Ethernet",
149,B5A,Lenovo,United States,2021,Industry,71680,2700,,3151.69,6193.15,,,Cluster,Intel Cascade lake,Linux,Linux,None,28,Lenovo ThinkSystem,North America,"ThinkSystem C2397, Xeon Platinum 8280 28C 2.7GHz, 100G Ethernet",
150,Lichtenberg II (Phase 1),MEGWARE,Germany,2020,Academic,59136,2300,,3148.38,4352.41,690,4.562869565,Cluster,Intel Cascade lake,CentOS,Linux,None,48,MEGWARE Cluster,Europe,"MEGWARE MiriQuid, Intel Xeon Platinum 9242 48C 2.3GHz, Mellanox InfiniBand HDR100",131
151,,HPE,United States,2014,Government,225984,2700,,3143.52,4881.2544,6327.55,0.496798919,MPP,Intel IvyBridge,Cray Linux Environment,Linux,None,12,Cray XC,North America,"Cray XC30, Intel Xeon E5-2697v2 12C 2.7GHz, Aries interconnect ",132
152,A1C,Lenovo,Singapore,2021,Industry,92160,2100,,3131.25,6193.15,,,Cluster,Intel Cascade lake,Linux,Linux,None,24,Lenovo ThinkSystem,Asia,"ThinkSystem C0366, Xeon Gold 6252 24C 2.1GHz, 100G Ethernet",
153,A5A,Lenovo,United States,2021,Industry,92160,2100,,3131.25,6193.15,,,Cluster,Intel Cascade lake,Linux,Linux,None,24,Lenovo ThinkSystem,North America,"ThinkSystem C0366, Xeon Gold 6252 24C 2.1GHz, 100G Ethernet",
154,A1A,Lenovo,United States,2021,Industry,92160,2100,,3131.25,6193.15,,,Cluster,Intel Cascade lake,Linux,Linux,None,24,Lenovo ThinkSystem,North America,"ThinkSystem C0366, Xeon Gold 6252 24C 2.1GHz, 100G Ethernet",
155,A1A,Lenovo,United States,2021,Industry,92160,2100,,3131.25,6193.15,,,Cluster,Intel Cascade lake,Linux,Linux,None,24,Lenovo ThinkSystem,North America,"ThinkSystem C0366, Xeon Gold 6252 24C 2.1GHz, 100G Ethernet",
156,Thunder,HPE,United States,2015,Government,152692,2300,27056,3126.24,5610.481,4819.5,0.648664799,Cluster,Intel Haswell,SUSE Linux Enterprise Server 11,Linux,NVIDIA Tesla K40/Intel Xeon Phi 7120P,18,SGI ICE,North America,"SGI ICE X, Xeon E5-2699v3/E5-2697 v3, Infiniband FDR, NVIDIA Tesla K40, Intel Xeon Phi 7120P",133
157,VEGA HPC GPU,Atos,Slovenia,2021,Research,33600,2600,25920,3096,4680,,,Cluster,AMD Zen-2 (Rome),Linux,Linux,NVIDIA A100,64,BullSequana,Europe,"BullSequana XH2000, AMD EPYC 7H12 64C 2.6GHz, NVIDIA A100, Infiniband HDR",134
158,,Lenovo,China,2019,Industry,76000,2500,,3088.64,6080,,,Cluster,Intel Skylake,Linux,Linux,None,20,Lenovo ThinkSystem,Asia,"Lenovo HR650x, Xeon Gold 6133 20C 2.5GHz, 25G Ethernet",135
159,Alps,HPE,Switzerland,2020,Research,128000,2250,,3088.6,4608,637.95,4.841445254,MPP,AMD Zen-2 (Rome),HPE Cray OS,Linux,None,64,HPE Cray EX,Europe,"HPE Cray EX, AMD EPYC 7742 64C 2.25GHz, Slingshot-10",136
160,Numerical Materials Simulator,HPE,Japan,2020,Research,53568,2900,,3082.12,4971.1104,691.2,4.459085648,Cluster,Intel Cascade lake,CentOS,Linux,None,24,HPE SGI 8600,Asia,"HPE SGI 8600, Xeon Platinum 8268 24C 2.9GHz, Dual-rail Intel Omni-Path",137
